target,row,prediction
CurrencyKey,0,53.17857142857143
CurrencyKey,1,2.000000000000007
CurrencyKey,2,3.000000000000007
CurrencyKey,3,4.000000000000007
CurrencyKey,4,53.17857142857143
