{
    "FinanceKey": {
        "task": "regression",
        "best_model": "XGBRegressor",
        "r2_score": 1.0,
        "sample_predictions": [
            38406.54296875,
            12485.8173828125,
            21570.40625,
            9744.3095703125,
            112.25708770751953
        ],
        "all_model_scores": {
            "LinearRegression": 0.9999,
            "RandomForestRegressor": 1.0,
            "GradientBoostingRegressor": 1.0,
            "Lasso": 0.9999,
            "Ridge": 0.9999,
            "XGBRegressor": 1.0
        }
    },
    "DateKey": {
        "task": "regression",
        "best_model": "LinearRegression",
        "r2_score": 1.0,
        "sample_predictions": [
            20080601.0,
            20060601.0,
            20070201.0,
            20060301.0,
            20050701.0
        ],
        "all_model_scores": {
            "LinearRegression": 1.0,
            "RandomForestRegressor": 1.0,
            "GradientBoostingRegressor": 1.0,
            "Lasso": 0.9999,
            "Ridge": 0.9999,
            "XGBRegressor": 1.0
        }
    },
    "OrganizationKey": {
        "task": "regression",
        "best_model": "XGBRegressor",
        "r2_score": 0.9634,
        "sample_predictions": [
            3.2921462059020996,
            3.3324296474456787,
            11.845991134643555,
            5.973486423492432,
            3.0766518115997314
        ],
        "all_model_scores": {
            "LinearRegression": 0.9132,
            "RandomForestRegressor": 0.8824,
            "GradientBoostingRegressor": 0.6871,
            "Lasso": 0.1453,
            "Ridge": 0.8503,
            "XGBRegressor": 0.9634
        }
    },
    "DepartmentGroupKey": {
        "task": "regression",
        "best_model": "XGBRegressor",
        "r2_score": 0.5422,
        "sample_predictions": [
            6.37391471862793,
            7.064377307891846,
            4.844271183013916,
            6.921769618988037,
            5.8952107429504395
        ],
        "all_model_scores": {
            "LinearRegression": 0.2703,
            "RandomForestRegressor": 0.5383,
            "GradientBoostingRegressor": 0.4428,
            "Lasso": 0.1872,
            "Ridge": 0.2255,
            "XGBRegressor": 0.5422
        }
    },
    "ScenarioKey": {
        "task": "regression",
        "best_model": "RandomForestRegressor",
        "r2_score": 0.7657,
        "sample_predictions": [
            1.0,
            1.0,
            1.0,
            1.0,
            1.1933333333333334
        ],
        "all_model_scores": {
            "LinearRegression": 0.3015,
            "RandomForestRegressor": 0.7657,
            "GradientBoostingRegressor": 0.6825,
            "Lasso": 0.2013,
            "Ridge": 0.3012,
            "XGBRegressor": 0.6297
        }
    },
    "AccountKey": {
        "task": "regression",
        "best_model": "RandomForestRegressor",
        "r2_score": 0.7688,
        "sample_predictions": [
            100.7,
            34.94,
            77.56,
            77.29333333333334,
            93.16
        ],
        "all_model_scores": {
            "LinearRegression": 0.2137,
            "RandomForestRegressor": 0.7688,
            "GradientBoostingRegressor": 0.7582,
            "Lasso": 0.2114,
            "Ridge": 0.2137,
            "XGBRegressor": 0.7457
        }
    },
    "Amount": {
        "task": "regression",
        "best_model": "XGBRegressor",
        "r2_score": 0.625,
        "sample_predictions": [
            397737.9375,
            31602.505859375,
            -106.62000274658203,
            -2015.3779296875,
            76190.1875
        ],
        "all_model_scores": {
            "LinearRegression": 0.0581,
            "RandomForestRegressor": 0.4542,
            "GradientBoostingRegressor": 0.4872,
            "Lasso": 0.0526,
            "Ridge": 0.054,
            "XGBRegressor": 0.625
        }
    }
}