{
    "CurrencyKey": {
        "task": "regression",
        "best_model": "LinearRegression",
        "r2_score": -0.0007,
        "sample_predictions": [
            53.17857142857143,
            2.000000000000007,
            3.000000000000007,
            4.000000000000007,
            53.17857142857143
        ],
        "all_model_scores": {
            "LinearRegression": -0.0007,
            "RandomForestRegressor": -0.0075,
            "GradientBoostingRegressor": -0.0016,
            "Lasso": -0.0007,
            "Ridge": -0.0007,
            "XGBRegressor": -0.0024
        }
    }
}